{
  "PlayerContactDetails": [
    {
      "id": 1,
      "firstName": "Joe",
      "lastName": "Caputo",
      "contactNumber": "07658312387",
      "campaignName": "Black Rain",
      "Sessions": "Black Rain"
    },
    {
      "firstName": "Piper",
      "lastName": "Chapman",
      "contactNumber": "07142548798",
      "campaignName": "Black Rain",
      "Sessions": "One Last Riddle",
      "id": 2
    },
    {
      "firstName": "Tasha",
      "lastName": "Jefferson",
      "contactNumber": "07998987220",
      "campaignName": "Black Rain",
      "Sessions": "The Burning Plague",
      "id": 3
    },
    {
      "firstName": "Gloria",
      "lastName": "Mendoza",
      "contactNumber": "07512645873",
      "campaignName": "Black Rain",
      "Sessions": "The Sea Witch",
      "id": 4
    },
    {
      "firstName": "Theodore",
      "lastName": "Bagwell",
      "contactNumber": "07561384896",
      "campaignName": "One Last Riddle",
      "Sessions": "Tomb of Horrors",
      "id": 5
    },
    {
      "firstName": "Brad",
      "lastName": "Bellick",
      "contactNumber": "07883256418",
      "campaignName": "One Last Riddle",
      "id": 6
    },
    {
      "id": 7,
      "firstName": "Lincoln",
      "lastName": "Burrows",
      "contactNumber": "07112356983",
      "campaignName": "One Last Riddle"
    },
    {
      "id": 8,
      "firstName": "Fernando",
      "lastName": "Sucre",
      "contactNumber": "07963212321",
      "campaignName": "One Last Riddle"
    },
    {
      "id": 9,
      "firstName": "Sara",
      "lastName": "Tancredi",
      "contactNumber": "07954186684",
      "campaignName": "One Last Riddle"
    },
    {
      "id": 10,
      "firstName": "Daryl",
      "lastName": "Dixon",
      "contactNumber": "07325649845",
      "campaignName": "The Burning Plague"
    },
    {
      "id": 11,
      "firstName": "Maggie",
      "lastName": "Greene",
      "contactNumber": "07459832185",
      "campaignName": "The Burning Plague"
    },
    {
      "id": 12,
      "firstName": "Carol",
      "lastName": "Peletier",
      "contactNumber": "07124979566",
      "campaignName": "The Burning Plague"
    },
    {
      "id": 13,
      "firstName": "Eugene",
      "lastName": "Porter",
      "contactNumber": "07223654987",
      "campaignName": "The Burning Plague"
    },
    {
      "firstName": "Billy",
      "lastName": "Cranston",
      "contactNumber": "07985645784",
      "campaignName": "The Sea Witch"
    },
    {
      "id": 14,
      "firstName": "Kimberly",
      "lastName": "Hart",
      "contactNumber": "07815307459",
      "campaignName": "The Sea Witch"
    },
    {
      "id": 15,
      "firstName": "Trini",
      "lastName": "Kwan",
      "contactNumber": "07548755285",
      "campaignName": "The Sea Witch"
    },
    {
      "id": 16,
      "firstName": "Tommy",
      "lastName": "Oliver",
      "contactNumber": "07989444568",
      "campaignName": "The Sea Witch"
    },
    {
      "id": 17,
      "firstName": "Jason",
      "lastName": "Scott",
      "contactNumber": "07774854987",
      "campaignName": "The Sea Witch"
    },
    {
      "id": 18,
      "firstName": "Zack",
      "lastName": "Taylor",
      "contactNumber": "07845222547",
      "campaignName": "The Sea Witch"
    },
    {
      "id": 19,
      "firstName": "Joyce",
      "lastName": "Byers",
      "contactNumber": "07954668187",
      "campaignName": "Tomb of Horrors"
    },
    {
      "id": 20,
      "firstName": "Dustin",
      "lastName": "Henderson",
      "contactNumber": "07889554857",
      "campaignName": "Tomb of Horrors"
    },
    {
      "id": 21,
      "firstName": "Jim",
      "lastName": "Hopper",
      "contactNumber": "07954845148",
      "campaignName": "Tomb of Horrors"
    },
    {
      "id": 22,
      "firstName": "Nancy",
      "lastName": "Wheeler",
      "contactNumber": "07445845711",
      "campaignName": "Tomb of Horrors"
    }
  ]
}